"CUSTOMER_PK","CUSTOMER_PROFILE","SALUTATION","CUSTOMER_PK_other","COMPANY_TITLE","CUSTOMER_PK_other1","CUSTOMER_FIRSTNAME","CUSTOMER_LASTNAME"
"13073","6239","MR.",,,"13073","0x9269BB3BC60366245144CBD5E960CFD8","0x2C76E965388338A0FB01D71C42982610"
"13890","7084","MR.",,,"13890","0x70EBA9EB6D94C3DEFF697E806192D81B","0xC5EDCDEA87C43A03EC474CEC47C127E5"
"16070","9696","MS.",,,"16070","0x0B6155107F33585B7BB66EBDDD712478","0xEE2CF0F040F70D69A1766A8009804A4E"
"4323","10450","MRS.",,,"4323","0xAD4E3C38B1D169C7F7D721275693B2A0","0xD92C1E8C5ADD69740FFE6861EFCED1ED"
"4324","10452","MR.",,,"4324","0x4C3AB77CD42A3988A4352F37AE647809","0xD92C1E8C5ADD69740FFE6861EFCED1ED"
"14","10586","NULL","14","0x4FF59C5A83D68593E4508E4E732B31BA",,,
"21200","17525","MRS.",,,"21200","0x324716B5B822BFA06464631AFB158BD3","0xCBDF68D55CDD1F00AC4936DD38A0300E"
"23413","20884","MRS.",,,"23413","0x70BAC7927F017D563E6DFAA8E21D14AB","0x375D9B80B31EA6930A302490059C5F7E"
"5015","24238","MR.",,,"5015","0xDD0846F2B94AD8D9A26B0B200E7688F9","0x22A9A7E9701C0C1BAA187B8F8CDD628D"
"27535","26449","MS.",,,"27535","0x0236B43EC01D0661AF1506873C2DEE87","0x8648C59FB56C0F3DF0DB98C8445D8BFB"
"5318","26996","MR.",,,"5318","0xBAC6C6B9D9A2436BCC9E9818F9EC3D73","0x79F0FAD8847F1DBA14244112765AF1EB"
"28786","27926","MS.",,,"28786","0x9E830EFE36727FB1FC8E80B0C4ADCC47","0x9895680C1D18AD174ADDC07F2BC9AB44"
"5804","28148","MR.",,,"5804","0x92F51CB44EDB3051166DFA0FFDCE0650","0x79F0FAD8847F1DBA14244112765AF1EB"
"29507","29211","MS.",,,"29507","0xCA887D99844CB5D2AB344C947095FEF8","0x7FC0B8FAAAD6DABB46853980AF1571D4"
"29633","29235","MRS.",,,"29633","0x34357B81528D8FAE3D8557F7569215C5","0x5AB93A207D5B0B067BA4936925498FAF"
"29634","29236","MR.",,,"29634","0xFCE84CDDF33CCBF35B715D4BDF41734B","0x5AB93A207D5B0B067BA4936925498FAF"
"6635","29491","MRS.",,,"6635","0x8E587258529653CA4475D468E4A4E931","0xA2EE1933DFC7F5E394B74A84192853D3"
"8082","30131","MS.",,,"8082","0xAD4E3C38B1D169C7F7D721275693B2A0","0x8767985FC4DB77D9777F309216420525"
"30327","30173","MRS.",,,"30327","0xC2B60B373A6BF454C12CEE8F4DD8E011","0x2888A9090930DD6F93F1B0F589A67420"
"6224","31186","MR.",,,"6224","0x5E489B95E14136CDC93A7EEB9BAE14B4","0xD575B74620F4BE7FF808CCE0828787AB"
"30608","31276","MR.",,,"30608","0x96EA53E743849FB99E792D6A5D956ECA","0xB72EA6D96690598FF0307DB716AF2902"
"6390","31376","MR.",,,"6390","0x439D8915C36157266520BF08C7210DFD","0xCF30436B093A62C720FA0C6BCBB08BFF"
"6962","31945","MR.",,,"6962","0x4C3AB77CD42A3988A4352F37AE647809","0x20938684A5F6C1FA2D23BBAF4C18F5E7"
"31547","32132","MISS",,,"31547","0x060683425640F032D5B192231E2AE36B","0x223F23BF491F72F26A338177A384BC79"
"16745","33102","MRS.",,,"16745","0x2DFD327AA656917E323EEEF2F4711469","0x669875EDE185F357AF50E182148F4EFF"
"32849","33866","MR.",,,"32849","0x29AD81C1A7E4BB613F6AD871406F6389","0x5041DD734B6BA8C647582543135B83F2"
"32791","34284","MS.",,,"32791","0xF5474683D05FDDDE5A2857C7DFFF35E6","0x139C72DDDCA9F7B6296E9FE6E9250294"
"32792","34299","DR.",,,"32792","0x42FB3048282AE61DD7D275BF3E94AE58","0xB46F448AC5080383028A45070489A2E3"
"32793","34300","MS.",,,"32793","0x70BAC7927F017D563E6DFAA8E21D14AB","0xB46F448AC5080383028A45070489A2E3"
"7906","34825","NULL","7906","0x2A3E030021BC2CBD674B8EDD624B97A5",,,
"33914","34945","MR.",,,"33914","0xE657AEC840DBA2FFD854256B54E3055A","0xD61467675D9D7A3303A89E20365A1381"
"33755","35020","MRS.",,,"33755","0x43F47E4366F5562428CC7174255BD4C4","0xB72EA6D96690598FF0307DB716AF2902"
"34950","35862","MR.",,,"34950","0x90A9E8995051BC7703B6C9A05F212E09","0xC7B30AB60680E0E2DD74E7630054D15B"
"34951","35863","MRS.",,,"34951","0xC2B60B373A6BF454C12CEE8F4DD8E011","0xC7B30AB60680E0E2DD74E7630054D15B"
"35410","36094","MRS.",,,"35410","0x1344063A532B1311C9F2379EF1C84AFA","0xCF30436B093A62C720FA0C6BCBB08BFF"
"35269","36193","MR.",,,"35269","0xFF0D2B24F557EF7EC743A46BDC39D3DE","0xD575B74620F4BE7FF808CCE0828787AB"
"35655","36855","MS.",,,"35655","0x0F697E2695E6BFD7D880121A72054D7F","0x84BE83F08D4CFF657550520887E37987"
"36481","38001","MR.",,,"36481","0x70EBA9EB6D94C3DEFF697E806192D81B","0x670C681C40723B77E6202E94B2F7F25A"
"36854","38065","MR.",,,"36854","0xDD0846F2B94AD8D9A26B0B200E7688F9","0xC963CD479FA1B1F20EEF08352CC8E49A"
"36855","38066","MS.",,,"36855","0xF3419C0999FCEC1D3882219B195D0B1F","0xC963CD479FA1B1F20EEF08352CC8E49A"
"37226","38450","MRS.",,,"37226","0x0F697E2695E6BFD7D880121A72054D7F","0xF42FBFF9C29D552B2EBDEE3208947B41"
"37179","38498","MRS.",,,"37179","0xE335742A8BDA7145FFF6ABB7F08A1561","0x661B3ADEA7D5ECA43ED9FE4313FCC421"
"37986","39656","MRS.",,,"37986","0xBCE7BB51C4481239DF49718C2A668D72","0xAF47F87AE552A38E1CD9CCE4A377A5E6"
"38769","39980","MR.",,,"38769","0x4C3AB77CD42A3988A4352F37AE647809","0xD575B74620F4BE7FF808CCE0828787AB"
"38770","39981","MS.",,,"38770","0x0236B43EC01D0661AF1506873C2DEE87","0xD575B74620F4BE7FF808CCE0828787AB"
"38544","40041","MR.",,,"38544","0x1C8287D20138723181ECA3FDEBA6AF8C","0x5BDC0CF7B3A295A7317DB3D209F8A2AE"
"39541","41003","MS.",,,"39541","0x56F2B5269B38B2B837A9603134BB0249","0x49158E1AAE9CB812F8F823F5771D120B"
"40161","41395","MS.",,,"40161","0x1F2FA3E0F717D3EBAFB1C89D514993B1","0x1C9E5D7192792C560EAF0282BB04F2D8"
"40728","41771","MR.",,,"40728","0xB9C89475B0D2C6E218BC1CBE442FDB96","0x661B3ADEA7D5ECA43ED9FE4313FCC421"
"40665","42153","MR.",,,"40665","0x361C7F0875CBBF4FEBF6F28E85F5EC83","0x80EBC3079E0BBF058D12C542D2D84797"
"41691","42924","MRS.",,,"41691","0x09CA3BE00FBB078EC9EC8B16E1EC7B3B","0x80EBC3079E0BBF058D12C542D2D84797"
"42293","43540","MS.",,,"42293","0x41660FE88A569C2BBFD1F45762C683ED","0x131F2BDEA9CE98D2172E6AEC63CDC199"
"44301","44839","MS.",,,"44301","0x3A4EB4BF1507208D77289DB34DC33917","0xA2EE1933DFC7F5E394B74A84192853D3"
"44421","45918","MR.",,,"44421","0xB84A64A5A691D3293AE58C3DBFC66858","0x198EFC32B354F5B78FB3FA97ABA7D4B0"
"45186","46486","MRS.",,,"45186","0xD01BD164799542ED32A6465C5647A3CC","0x79F0FAD8847F1DBA14244112765AF1EB"
"45035","46541","MR.",,,"45035","0x052849A09B9999F67631F892EB1C0C7F","0x2888A9090930DD6F93F1B0F589A67420"
"45604","46864","MRS.",,,"45604","0x0E7C87AEF5F75CD3650DDAF5BCAB7F36","0x670C681C40723B77E6202E94B2F7F25A"
"47230","48417","MR.",,,"47230","0x3FFEEEC8C59FC26DD43D73B0B2FD20E7","0x6D1717F13D5EFF0CC6050022BB00651A"
"47231","48418","MRS.",,,"47231","0x9B43D79CD6BBB0CEEC5B233C9948D8E3","0x6D1717F13D5EFF0CC6050022BB00651A"
"20548","48961","NULL","20548","0x639E57D3CCA1CD63764E24EFDD21C9A1",,,
"47618","48987","MRS.",,,"47618","0xC1CB5A2C7F259F44707E70DAFBEBDD54","0x22A9A7E9701C0C1BAA187B8F8CDD628D"
"47415","48994","MR.",,,"47415","0xE278B4CE7C96E3FD9702D4B2E601AFEE","0x01529D58BA5373656C412DEF4E06D619"
"47406","49090","MR.",,,"47406","0x1C8287D20138723181ECA3FDEBA6AF8C","0x0E92975EA8AD62A549FC2AC0D9A4A9F0"
"47407","49091","MS.",,,"47407","0x4DCE1948A6842D5614369A4DDEEE614E","0x0E92975EA8AD62A549FC2AC0D9A4A9F0"
"48011","49654","MR.",,,"48011","0x4C3AB77CD42A3988A4352F37AE647809","0x293FAD6004A47D723F0530D4532BD671"
"48284","49951","MRS.",,,"48284","0xF814FD98753B5CF49E1685626D73E7F7","0x2C76E965388338A0FB01D71C42982610"
"48285","49952","MR.",,,"48285","0xAC020A930EBC210855E6C7F296B9DAEE","0x2C76E965388338A0FB01D71C42982610"
"48471","50343","MRS.",,,"48471","0xEB88D36254F2ED3F5847F372A57ECE19","0x198EFC32B354F5B78FB3FA97ABA7D4B0"
"49789","51474","MRS.",,,"49789","0x665E968F1569B151ED75D1D2AA5CDA37","0xA2EE1933DFC7F5E394B74A84192853D3"
"51250","53234","MR.",,,"51250","0xAC020A930EBC210855E6C7F296B9DAEE","0x4DF269F5C99CBAB4FC8E92151D00B648"
"52004","53444","MS.",,,"52004","0xAADADC7A6D7E398975B64640FF10A371","0x28AB1FD197465938DE0CDF379BCC3B70"
"51895","53910","MS.",,,"51895","0xC2B60B373A6BF454C12CEE8F4DD8E011","0xD575B74620F4BE7FF808CCE0828787AB"
"52015","53915","MR.",,,"52015","0x53C8B8A8E0DFE27B2BB5010A019F3DC1","0xD575B74620F4BE7FF808CCE0828787AB"
"53139","53968","MR.",,,"53139","0x0F4DAB08ED8B8D69C25D0F69FB949634","0xA816CB5FBFC9D34F27802B7CFD7D045F"
"53140","53969","MS.",,,"53140","0xFFCE42E9A3A00F40FC508804BD7A8E45","0xA816CB5FBFC9D34F27802B7CFD7D045F"
"26805","55076","NULL","26805","0x08CD2649373ED8D680AAF71916B0587B",,,
"53636","55130","MR.",,,"53636","0x8B01C6603147F5F88AE395A453F67433","0xD575B74620F4BE7FF808CCE0828787AB"
"53639","55133","MRS.",,,"53639","0x932B71344DB3E1ED1B82985374294B81","0x2AF87AE1D409213FE36431E69359F5FE"
"53489","55230","DR.",,,"53489","0xB93BC0F8223F1169E3E39ED874D546FB","0x139C72DDDCA9F7B6296E9FE6E9250294"
"53672","55255","MR.",,,"53672","0x92F51CB44EDB3051166DFA0FFDCE0650","0xCBDF68D55CDD1F00AC4936DD38A0300E"
"54074","55386","MR.",,,"54074","0x343621E59EC7B94975915A8F78DAF841","0xCF30436B093A62C720FA0C6BCBB08BFF"
"54075","55387","MRS.",,,"54075","0x6163CC2F037D4EDEB7D7ED987BD91EEF","0xCF30436B093A62C720FA0C6BCBB08BFF"
"53954","55470","MR.",,,"53954","0x268435FDABE53B478C3946DC0D3D906D","0x80EBC3079E0BBF058D12C542D2D84797"
"53724","55931","MS.",,,"53724","0xDB8096FAFDE95660AEF76F5DD99D47A8","0x20938684A5F6C1FA2D23BBAF4C18F5E7"
"54403","56128","MR.",,,"54403","0x5206DFBB3A0BBAAC3F2CD03E71D43223","0x2C76E965388338A0FB01D71C42982610"
"54252","56382","MRS.",,,"54252","0x24A9E2777BE9A0FF42ED59B90DEEB5A5","0xC5EDCDEA87C43A03EC474CEC47C127E5"
"54371","56476","MR.",,,"54371","0x0BC4B7EC7F7AAB862588B041F77F4DF1","0x1948B550E8FD69EA63C64C759DD0B7F8"
"54396","56477","MRS.",,,"54396","0x1BD3E197E43C5004F1E0C2831FA27604","0x766F2F59959ED4A5070BEC35ECE53396"
"54871","56502","MRS.",,,"54871","0x5D9361AED5474398DCB77EEE8CC96EB1","0xCF30436B093A62C720FA0C6BCBB08BFF"
"54849","56707","MRS.",,,"54849","0x604B8A62406C74A1F92AB2057F26340F","0x20938684A5F6C1FA2D23BBAF4C18F5E7"
"55326","57115","MR.",,,"55326","0x8A6D47A5E6AB49CB5DA7657AC28A699B","0x6D1717F13D5EFF0CC6050022BB00651A"
"55420","57117","MS.",,,"55420","0x5D3F66ADC549DC4161F8A8D956C0DA61","0x6D1717F13D5EFF0CC6050022BB00651A"
"55476","57463","MS.",,,"55476","0xDDDD1B4F1E1834457782107E75DB934C","0xCB589152EB7C5EB7C60A7E71C6FC0441"
"32063","58188","NULL","32063","0x37AFC233E491DBB4FFE73B0D96097834",,,
"56152","58433","MR.",,,"56152","0x361C7F0875CBBF4FEBF6F28E85F5EC83","0xC5EDCDEA87C43A03EC474CEC47C127E5"
"56650","58564","MR.",,,"56650","0x9E7ED46A83F4CCA76BCADBB9421F9565","0x5066F1B1CFF6E9C39A230C390156911D"
"57105","58929","MS.",,,"57105","0x21E93E8A0B09C01E0072F7B2A7F6A6AA","0x47B3B3ADAE2C07800D367646E2B15134"
"57371","59507","MR.",,,"57371","0x439D8915C36157266520BF08C7210DFD","0x223F23BF491F72F26A338177A384BC79"
"57372","59508","MRS.",,,"57372","0x00CBAF72DFEC3491C35C6FC4B120A8CA","0x223F23BF491F72F26A338177A384BC79"
"58113","60618","MR.",,,"58113","0x439D8915C36157266520BF08C7210DFD","0x8767985FC4DB77D9777F309216420525"
"58114","60620","MS.",,,"58114","0xECC36A60EB16C50CD887ADE3A9D7933B","0x8767985FC4DB77D9777F309216420525"
"58324","60762","MR.",,,"58324","0xB3655F3AAE5C97648F597341806AE6EA","0xD575B74620F4BE7FF808CCE0828787AB"
"58325","60763","MS.",,,"58325","0xAADADC7A6D7E398975B64640FF10A371","0x638CC0B44701597738E3629D0D4560D7"
"59311","61152","MR.",,,"59311","0xB7B5FAAC2D84B8B5A2972AB2C5C97F9C","0x198EFC32B354F5B78FB3FA97ABA7D4B0"
"59422","61397","MR.",,,"59422","0x70EBA9EB6D94C3DEFF697E806192D81B","0xC5EDCDEA87C43A03EC474CEC47C127E5"
"59859","61400","MRS.",,,"59859","0x10EA56EDC20511D9B43A7B85F0D62DE7","0xC5EDCDEA87C43A03EC474CEC47C127E5"
"59996","61464","MR.",,,"59996","0x0DF829B4BD812B10E0FF0288F671BE6D","0xC963CD479FA1B1F20EEF08352CC8E49A"
"59997","61465","MR.",,,"59997","0x6D86CD0FC3D68A6D2FF8FD7B0627CDEB","0x5041DD734B6BA8C647582543135B83F2"
"9270","61478","MS.",,,"9270","0x5D6ED1D6D62D93CAE3D85914D003DF99","0xB6C00C247D2822348AC629D3090015CC"
"59557","61631","MR.",,,"59557","0xE2577C04131C5B0C7E7580F978322B31","0xAD868C8482984E3A8882641E0731017D"
"59558","61632","MRS.",,,"59558","0xE197A45073B221AB28576706C05097D8","0xAD868C8482984E3A8882641E0731017D"
"60547","62405","MR.",,,"60547","0x70EBA9EB6D94C3DEFF697E806192D81B","0x6D1717F13D5EFF0CC6050022BB00651A"
"60937","62415","MR.",,,"60937","0x6296962D2AB02D55C22A70E9E38B897D","0xC73E31E01A6D5AF2296E600DE30AADB8"
"61236","62460","MS.",,,"61236","0x511EFA8766ACC0260B5743A3E3CA4831","0x94AC28977A9D721C79ABA07AE50C12EA"
"61264","63121","MR.",,,"61264","0x2E3A1C682DC09F36610AB89F6535E5FE","0xA2EE1933DFC7F5E394B74A84192853D3"
"61682","64125","MS.",,,"61682","0x24A9E2777BE9A0FF42ED59B90DEEB5A5","0x0F9A2F5C11A45B7005B0D1C5DA383836"
"37278","64131","NULL","37278","0xC14AFFD40B5CFBF6E302BB406CE763E1",,,
"62625","64603","MR.",,,"62625","0xD51E3EB481FF7594ADFF5CEA2E8AA70F","0xF977C325F9FE0FA44270DE6920184EAD"
"64099","65981","MR.",,,"64099","0x9BD9A75BFF71EC452C311A8CC572FD3B","0xAF0071E1D64161745081427A78B33219"
"64100","65982","MRS.",,,"64100","0xD9622F66C9AFF2EF21AAAA464AD19D2B","0xAF0071E1D64161745081427A78B33219"
"64179","66061","MS.",,,"64179","0x4F31CFEADB38F44AA322E2E0D4965023","0xC963CD479FA1B1F20EEF08352CC8E49A"
"67652","66216","MASTER",,,"67652","0x2A6C986EC51B20B0E11FFACDD664AC8A","0x8B495F2CEF1890C345FD8F048AB12E06"
"68115","66679","MS.",,,"68115","0x3626C3204267548FFA7DBC92BF65E692","0x7C8F9C944A0AFA961A5E0CB248533771"
"69989","68175","MR.",,,"69989","0x6B00CB26910993586D109CE43EEFCF88","0x34A47E66ED037ECD0B2E3AD8E1C6FEEC"
"69990","68176","MRS.",,,"69990","0x5DA4D47D3B9574B4468CCB4A2BA53F5A","0x34A47E66ED037ECD0B2E3AD8E1C6FEEC"
"70239","68417","MRS.",,,"70239","0xEB88D36254F2ED3F5847F372A57ECE19","0x139C72DDDCA9F7B6296E9FE6E9250294"
"70407","68585","MR.",,,"70407","0x60DAFEDC7D3FCD4ED227106717BBEC78","0x34A47E66ED037ECD0B2E3AD8E1C6FEEC"
"70439","68617","MR.",,,"70439","0xE278B4CE7C96E3FD9702D4B2E601AFEE","0x8AC79230F38ECC39DE6F5D4E3E990147"
"70609","68787","MS.",,,"70609","0x1FC7247432C12BF3EE34ECCA1A89B41D","0x49F9CC2884E5FFD29A5A25499F663C7F"
"71053","69231","MR.",,,"71053","0x3AE55595B618F23A9516E89DA5FAD27C","0xCAB85A8622DDE65E6E02F9B47CEC047A"
"71218","69396","NULL","71218","0xC8F8A54B6595FCDA2888286D5975F278",,,
"71565","69743","MR.",,,"71565","0xD51E3EB481FF7594ADFF5CEA2E8AA70F","0x3DD4DB49559214A9DE2D57E8E33E31BD"
"72158","70336","MR.",,,"72158","0x70EBA9EB6D94C3DEFF697E806192D81B","0x34A47E66ED037ECD0B2E3AD8E1C6FEEC"
"72839","71017","MR.",,,"72839","0xEE9715D577DA28A85E9397621175AFF3","0x8767985FC4DB77D9777F309216420525"
"73820","71998","MRS.",,,"73820","0xC9B3F1D0D56A2AC00E29BECC705FAAE8","0xB72EA6D96690598FF0307DB716AF2902"
"73989","72167","MRS.",,,"73989","0x54D394130250FBD0D11A89DB09849602","0x20A7495AB5815256F1488864AD7B011A"
"74425","72603","MR.",,,"74425","0x7802FEB8467A9BC4DBA34269B099230F","0xB72CBAB995D47E09A6F1603C01535759"
"74646","72824","MR.",,,"74646","0x2E3A1C682DC09F36610AB89F6535E5FE","0x20A7495AB5815256F1488864AD7B011A"
"74782","72960","MR.",,,"74782","0x3C4D9277D7AD1AB613C892E966845E54","0xC5EDCDEA87C43A03EC474CEC47C127E5"
"75678","73856","MR.",,,"75678","0x2E3A1C682DC09F36610AB89F6535E5FE","0x20938684A5F6C1FA2D23BBAF4C18F5E7"
"75679","73857","MS.",,,"75679","0x1F69B58826E08E663DEF92A02BB16466","0x20938684A5F6C1FA2D23BBAF4C18F5E7"
"75710","73888","MR.",,,"75710","0xE657AEC840DBA2FFD854256B54E3055A","0x2679ABEDDE6781B7E6446C1123BB800E"
"75711","73889","MISS",,,"75711","0x3626C3204267548FFA7DBC92BF65E692","0x2679ABEDDE6781B7E6446C1123BB800E"
"76009","74187","MR.",,,"76009","0x3C4D9277D7AD1AB613C892E966845E54","0xA2EE1933DFC7F5E394B74A84192853D3"
"76134","74312","MS.",,,"76134","0x4222631168208E0AACDC9815DB06A660","0xB72EA6D96690598FF0307DB716AF2902"
"76136","74314","MR.",,,"76136","0x6CA34802E0C302DB85A51B40008763A4","0xB72EA6D96690598FF0307DB716AF2902"
"76192","74370","MR.",,,"76192","0x70EBA9EB6D94C3DEFF697E806192D81B","0x293FAD6004A47D723F0530D4532BD671"
"76321","74499","MRS.",,,"76321","0x0103A5952B0830AAE1093C4096B151AE","0x263D8753A5DBC7DA1F2B5AA21F11DF8C"
"77344","75522","MS.",,,"77344","0xC13EDA7E09761A176C7C686A249B9A25","0xA07127D952BA6758AE1E08D5D703D8EF"
"78090","76268","MR.",,,"78090","0x0DF829B4BD812B10E0FF0288F671BE6D","0x7D6DCDB8B7BAB1635C53415F7BFC6225"
"78091","76269","MS.",,,"78091","0x80BAF38B3291B7C058CDE82755D18B1F","0x7D6DCDB8B7BAB1635C53415F7BFC6225"
"78165","76343","MR.",,,"78165","0x4C3AB77CD42A3988A4352F37AE647809","0xB72EA6D96690598FF0307DB716AF2902"
"78398","76576","NULL","78398","0x7A1F2A8E0082E17DC87BDDEF4D3C3D38",,,
"79104","77282","MS.",,,"79104","0x21CCA8DAFFD606DBB3E808D1DD5D0744","0x47B3B3ADAE2C07800D367646E2B15134"
"79112","77290","DR.",,,"79112","0xA6353069A139B8421424F6810EE6A0AC","0x16C39DA1F175457270D6A40A341C4765"
"79495","77673","MR.",,,"79495","0x3C0C6E79742B79397AA14E7A1E09E85C","0x34A47E66ED037ECD0B2E3AD8E1C6FEEC"
"79496","77674","MRS.",,,"79496","0xCC6BA40D0AA7245F458B9DC1CF65C761","0x573CAEF060EFCAC7EF302B5B4C2382FF"
"79501","77679","MR.",,,"79501","0xAD02096260DA02A9CD6EBAB5293B5088","0x8767985FC4DB77D9777F309216420525"
"79503","77681","MS.",,,"79503","0x540315A6F9A419FBBF9CC37E974EF501","0x8767985FC4DB77D9777F309216420525"
"79900","78078","MRS.",,,"79900","0x455B2A8DFE3E53FF5E21834D5E4484AF","0x3DD4DB49559214A9DE2D57E8E33E31BD"
"80031","78209","MRS.",,,"80031","0xC507D0FBD914C72030C6E2945BDED1AF","0x670C681C40723B77E6202E94B2F7F25A"
"80035","78213","MR.",,,"80035","0xBD6F3A5E1874C8D16BEA06F06B043515","0x670C681C40723B77E6202E94B2F7F25A"
"80533","78711","MR.",,,"80533","0xD808FA457E62DBC467525F6FE3144057","0x08AFD1C92BFBB3A3C9D1E0B3C7FC6E36"
"80535","78713","MRS.",,,"80535","0xAE4CC835F72DA0409D2A356C03871666","0x08AFD1C92BFBB3A3C9D1E0B3C7FC6E36"
"80762","78940","MS.",,,"80762","0x455B2A8DFE3E53FF5E21834D5E4484AF","0x5041DD734B6BA8C647582543135B83F2"
"80888","79066","MS.",,,"80888","0x737D24F859926315A60EA3BF205F9913","0xC98D7CBF681015D87761F69233AEC5B0"
"81089","79267","MR.",,,"81089","0x7AFDD7A8F720148417DBAE1EB7EF8250","0x48522D5B5FACA68DE1FBB41D6AE57DC2"
"81235","79413","DR.",,,"81235","0x0C3981F5E55A8F68779B77D9D9F2A69E","0xC0EDB5B3286C9F859F228D6B7EE44570"
"81577","79755","MS.",,,"81577","0x6607A8DCC8B59426A78D2551B4A73A09","0xA2EE1933DFC7F5E394B74A84192853D3"
"81688","79866","MS.",,,"81688","0xE197A45073B221AB28576706C05097D8","0x4FE2CA39E2B29AFB36A354644A6B79EF"
"81744","79922","MR.",,,"81744","0x92F51CB44EDB3051166DFA0FFDCE0650","0x4FE2CA39E2B29AFB36A354644A6B79EF"
"81877","80055","MS.",,,"81877","0xAADADC7A6D7E398975B64640FF10A371","0xD575B74620F4BE7FF808CCE0828787AB"
"82020","80198","MR.",,,"82020","0xC8A3E1109B3CFBF9B6AF470652E58AFC","0xF2A3CEFA3BF5B5EE03D1E0A47B0CAF06"
"82141","80319","MR.",,,"82141","0x4C3AB77CD42A3988A4352F37AE647809","0xCBDF68D55CDD1F00AC4936DD38A0300E"
"82216","80394","MR.",,,"82216","0x61A6E0F67E087460510E82C59A7A727B","0xA07127D952BA6758AE1E08D5D703D8EF"
"82385","80563","MS.",,,"82385","0xE9CEC35CEAF077FF4BC77A6E87498C9E","0xB72CBAB995D47E09A6F1603C01535759"
"82661","80839","MS.",,,"82661","0x43F47E4366F5562428CC7174255BD4C4","0xF977C325F9FE0FA44270DE6920184EAD"
"82853","81031","MRS.",,,"82853","0x81FDCC52771E2B402CF3DEB43B05AAEC","0x3DD4DB49559214A9DE2D57E8E33E31BD"
"83061","81239","MR.",,,"83061","0x1C8287D20138723181ECA3FDEBA6AF8C","0x1C9E5D7192792C560EAF0282BB04F2D8"
"83456","81634","MR.",,,"83456","0xD51E3EB481FF7594ADFF5CEA2E8AA70F","0x223F23BF491F72F26A338177A384BC79"
"83459","81637","MS.",,,"83459","0xA669F4E9EC5280B86FC607C484B0A3E7","0x223F23BF491F72F26A338177A384BC79"
"84099","82277","MR.",,,"84099","0x92F51CB44EDB3051166DFA0FFDCE0650","0x8767985FC4DB77D9777F309216420525"
"84100","82278","MS.",,,"84100","0x13209E2DF909B1FC4A4B28C3F83AA43B","0x8767985FC4DB77D9777F309216420525"
"84960","83138","MR.",,,"84960","0x268435FDABE53B478C3946DC0D3D906D","0xA2EE1933DFC7F5E394B74A84192853D3"
"85312","83490","MR.",,,"85312","0x0F058299BD37215175B6E04FBE6F5AE6","0xC5EDCDEA87C43A03EC474CEC47C127E5"
"85318","83496","MR.",,,"85318","0x252751993382168173DD31C848255214","0xD92C1E8C5ADD69740FFE6861EFCED1ED"
"85827","84005","MS.",,,"85827","0x665E968F1569B151ED75D1D2AA5CDA37","0x312E954C83F52E67B984AB4F29F3A613"
"86040","84218","MS.",,,"86040","0xDB776FBD048439A08951F59D2AE166D0","0x7542A40B254CCA1FF81EB9FA301ED06F"
"86144","84322","MR.",,,"86144","0x3ED4690647A0B4F8A071247717B7E863","0x131F2BDEA9CE98D2172E6AEC63CDC199"
"86441","84619","MR.",,,"86441","0x58889A3D0B6C9EF522B995A44F7EE4D1","0xF5D5C48169499375745A92057AF72CAD"
"86464","84642","MR.",,,"86464","0x381D1B482F7562A61F0717F52B669FEA","0x293FAD6004A47D723F0530D4532BD671"
"86515","84693","MR.",,,"86515","0x29AD81C1A7E4BB613F6AD871406F6389","0x2888A9090930DD6F93F1B0F589A67420"
"86950","85128","MS.",,,"86950","0x2E58AAC1DFB919B338F2B7E3E080E4A0","0x47B3B3ADAE2C07800D367646E2B15134"
"87080","85258","MS.",,,"87080","0x0D54771DE395F668E01F5FF4978ECE77","0xD575B74620F4BE7FF808CCE0828787AB"
"87099","85277","MR.",,,"87099","0x19143662AD792D2980630566571B82F6","0x2015F9E5068FFD67791BC2A17ADB3141"
"87250","85428","MRS.",,,"87250","0x0F697E2695E6BFD7D880121A72054D7F","0xCF30436B093A62C720FA0C6BCBB08BFF"
"87479","85657","MR.",,,"87479","0x333D749A7EFFAA4922BB5F4FB130A2FF","0xD55E7EF8E3E8D7D73DFA612E13B758F8"
"87482","85660","MS.",,,"87482","0x780FFBF9D23FDE5EBF1F90E0C5FAF07D","0xD55E7EF8E3E8D7D73DFA612E13B758F8"
"88030","86208","MRS.",,,"88030","0x0188761D1662414BDD45DD8BB01E6EBE","0xF9A04230BA624F8AED6598CE922B04A9"
"88096","86274","MR.",,,"88096","0xC90823D719AB488D569748F38502B713","0xB72EA6D96690598FF0307DB716AF2902"
"88411","86589","MR.",,,"88411","0x7724D9BB7ED745754CFEAE1EED84FC7B","0x7698E15140343F96466448D07D6A2950"
"88428","86606","MRS.",,,"88428","0x21F137D769CF095CB00B2E0E9E439436","0x94AC28977A9D721C79ABA07AE50C12EA"
"88607","86785","MR.",,,"88607","0x2A6C986EC51B20B0E11FFACDD664AC8A","0x0E92975EA8AD62A549FC2AC0D9A4A9F0"
"88883","87061","MR.",,,"88883","0xA678A94EC1B3735049178C787661DE07","0x6B6E8CA697B4EA4BDC8AC88613AB646E"
"88935","87113","MR.",,,"88935","0xE0D1EFD319962442358F5F03495F1837","0xB72EA6D96690598FF0307DB716AF2902"
"90089","87350","MS.",,,"90089","0xC8500F230EFF635FD73BC54EE2100EEE","0xD575B74620F4BE7FF808CCE0828787AB"
"90129","87386","MR.",,,"90129","0x97F9B8B5F3FF0C65246E0C2B8ACFAE30","0xCB589152EB7C5EB7C60A7E71C6FC0441"
"90172","87423","MR.",,,"90172","0xCA175677B2D5A1EB2635A1DFE8C210C8","0x7F023011F9E96DBF0A2F70B4D13D64EF"
"90174","87425","MRS.",,,"90174","0x38008AED2C49B9044D839D21F4D6C6CD","0x7F023011F9E96DBF0A2F70B4D13D64EF"
"91042","88242","MR.",,,"91042","0x9CA9F2671729A0B9D76AEBADD2636C4B","0xD92C1E8C5ADD69740FFE6861EFCED1ED"
"91044","88244","MS.",,,"91044","0x772FDEC96C215C3D6CF1AD22B6B65CAF","0xD92C1E8C5ADD69740FFE6861EFCED1ED"
"91281","88470","MR.",,,"91281","0x9FC83C6A72E5CA7959AA221380A685DC","0x1AC908C698161588499057EE53F6E460"
"91283","88472","MS.",,,"91283","0x6404FB6B0AE8CCC124E241C4ED7FC3E6","0x1AC908C698161588499057EE53F6E460"
"91616","88785","MS.",,,"91616","0x4A48CF2C555C8C0855C520E9813C059A","0xC963CD479FA1B1F20EEF08352CC8E49A"
"91722","88889","MRS.",,,"91722","0x80E1838CC64F31FAB98B81FF470369E4","0x4DF269F5C99CBAB4FC8E92151D00B648"
"92141","89282","MR.",,,"92141","0xA2BA4775DFF414C2B592AA7739E94C3D","0x427C5CDAEFF3E9171BFA1DA572D803B9"
"92346","89472","DR.",,,"92346","0xBAA5E77607A200EA2EDCE74E04415CA1","0xD575B74620F4BE7FF808CCE0828787AB"
"92746","89827","MR.",,,"92746","0x9386D9E8B542A8C6EC02F9AE51D26C41","0x5841DB7BE3007D6B7ABBDF2E8DCC8FEC"
"92907","89980","MRS.",,,"92907","0x933D9EBCBAB2849F3FB0FD412AA93C94","0xF391645597DBEF580110E6015E9AABF9"
"93023","90088","MRS.",,,"93023","0xC7205F169721558F3CD2A12C0728B530","0x5841DB7BE3007D6B7ABBDF2E8DCC8FEC"
"93179","90232","MS.",,,"93179","0xC61EA5527C1F027B2D8DA8150C2679EB","0x53B642CFABEBC43B09D21DC13035B56C"
"93338","90380","MR.",,,"93338","0x65B5726D5501C7FB01936B5F009E6DC0","0xB1EEFFFD5D4D10B487E29C2053A551AE"
"93601","90626","MR.",,,"93601","0x9269BB3BC60366245144CBD5E960CFD8","0xD8A3753AE40B21B04E420FA04CFB1E8D"
"93602","90627","DR.",,,"93602","0x58415D12E57AEA0E2F0052AB98741960","0xD8A3753AE40B21B04E420FA04CFB1E8D"
"93913","90919","MR.",,,"93913","0x843EA1A9D9986D775B5EB7138698C588","0x1CE6347AE25E6A93E3B114347B4687E9"
"93922","90929","MRS.",,,"93922","0xE197A45073B221AB28576706C05097D8","0x1CE6347AE25E6A93E3B114347B4687E9"
"94039","91028","MR.",,,"94039","0x9386D9E8B542A8C6EC02F9AE51D26C41","0x1948B550E8FD69EA63C64C759DD0B7F8"
"95243","92143","MR.",,,"95243","0x4C3AB77CD42A3988A4352F37AE647809","0xCB589152EB7C5EB7C60A7E71C6FC0441"
"95277","92174","MR.",,,"95277","0x052849A09B9999F67631F892EB1C0C7F","0xC5EDCDEA87C43A03EC474CEC47C127E5"
"95278","92175","MRS.",,,"95278","0x405BE27EC54AF2643FED072A2211925D","0xC5EDCDEA87C43A03EC474CEC47C127E5"
"95363","92247","MR.",,,"95363","0xF90EEDE00DEDE460A908073EB49ABCCD","0x05A0132D8CB38311F8224C2848D21E30"
"95901","92752","MS.",,,"95901","0x54D394130250FBD0D11A89DB09849602","0xF977C325F9FE0FA44270DE6920184EAD"
"96495","93308","MR.",,,"96495","0x655079275AD17046A408F099E258C1ED","0xB72EA6D96690598FF0307DB716AF2902"
"97056","93847","MS.",,,"97056","0xBC205760A6FD37C47C00670EC2B8AEFF","0x66EADA002B4E5BFA92BC75DAB3E952A5"
"97675","94433","MS.",,,"97675","0x43396D3CC44E51957086B20FA78C409D","0xD575B74620F4BE7FF808CCE0828787AB"
"97696","94453","DR.",,,"97696","0x10CF570A9B305640AC0A48CEBAF30086","0xCB589152EB7C5EB7C60A7E71C6FC0441"
"97718","94473","MRS.",,,"97718","0x06568C4BB2B24EEF64BED23EBC026F46","0x7F50813C0850B3CDCD58AC5634DCBBE9"
"98019","94758","MR.",,,"98019","0xD2EA67C7EE372BD5358778AE16FE01A7","0x47B3B3ADAE2C07800D367646E2B15134"
"98087","94826","MS.",,,"98087","0xF5AFFB9848F9A55443C2D8F312C2DE68","0xC5EDCDEA87C43A03EC474CEC47C127E5"
"99038","95720","MS.",,,"99038","0x0D5C4A67BEFC53809FCC429E1450FF40","0x53E5F9C633EE02E689A0D8F30BDBF337"
"99211","95878","MR.",,,"99211","0x98B26AA2E93DB79E92640E39A0347F7E","0x34A47E66ED037ECD0B2E3AD8E1C6FEEC"
"99213","95880","MRS.",,,"99213","0x54D394130250FBD0D11A89DB09849602","0x34A47E66ED037ECD0B2E3AD8E1C6FEEC"
"99767","96404","MRS.",,,"99767","0xF846C8BE7CA5A40767D473DAC32A2A6A","0x1F145A8CF6ECAC35AE37FDA58639A68E"
"100102","96719","MR.",,,"100102","0xC90823D719AB488D569748F38502B713","0x1F145A8CF6ECAC35AE37FDA58639A68E"
"101771","98306","MR.",,,"101771","0xF574C16623BD4CA2DF7150400B3F59FB","0x670C681C40723B77E6202E94B2F7F25A"
"102557","99048","MR.",,,"102557","0x4BFA9F48DCF627F73A6754D3E21ACE0C","0xB6C00C247D2822348AC629D3090015CC"
"103343","99790","DR.",,,"103343","0xB7F701FF96E895CBD16C4AC3838198C1","0xCB589152EB7C5EB7C60A7E71C6FC0441"
"103344","99791","DR.",,,"103344","0xE44DD7E4757AA1741F2868856711677F","0xD575B74620F4BE7FF808CCE0828787AB"
"103958","100366","MR.",,,"103958","0x19143662AD792D2980630566571B82F6","0xCB589152EB7C5EB7C60A7E71C6FC0441"
"103968","100376","MRS.",,,"103968","0xC2B60B373A6BF454C12CEE8F4DD8E011","0xCB589152EB7C5EB7C60A7E71C6FC0441"
"104117","100512","MS.",,,"104117","0x455B2A8DFE3E53FF5E21834D5E4484AF","0xC5EDCDEA87C43A03EC474CEC47C127E5"
"104225","100614","MS.",,,"104225","0xF5474683D05FDDDE5A2857C7DFFF35E6","0x20A7495AB5815256F1488864AD7B011A"
"105034","101381","MR.",,,"105034","0x3C0C6E79742B79397AA14E7A1E09E85C","0x481E75047360C1BE5BD586FA98CC30C8"
"105058","101404","MR.",,,"105058","0x9D0DB40F95CA3CD87E565E582EABE1C6","0xD575B74620F4BE7FF808CCE0828787AB"
"105062","101408","MR.",,,"105062","0xC50A572AF49E9EEEDADDC577484E07DF","0xF5D5C48169499375745A92057AF72CAD"
"105206","101543","MR.",,,"105206","0x70EBA9EB6D94C3DEFF697E806192D81B","0xD575B74620F4BE7FF808CCE0828787AB"
"105694","102006","MR.",,,"105694","0xDFD042B7481370C0F6413E228253A700","0xF977C325F9FE0FA44270DE6920184EAD"
"105695","102007","MS.",,,"105695","0x7AB24AC364DAB4020C3F3B1C3B28B494","0x61C672CA8EDCA4BC72D7B63D89EB268A"
"105747","102052","MR.",,,"105747","0x60DAFEDC7D3FCD4ED227106717BBEC78","0x123FD49F1C759328FC42CFFD327CD409"
"105835","102136","MR.",,,"105835","0x361C7F0875CBBF4FEBF6F28E85F5EC83","0x3D4B1679D5B34327B33563FB1543F75F"
"105867","102167","MR.",,,"105867","0xE657AEC840DBA2FFD854256B54E3055A","0xB46F448AC5080383028A45070489A2E3"
"106591","102832","MRS.",,,"106591","0x3A4EB4BF1507208D77289DB34DC33917","0xEF8C24E195349BEBE4E6BD67E3A3E861"
"106621","102861","MRS.",,,"106621","0xCA887D99844CB5D2AB344C947095FEF8","0x3D4B1679D5B34327B33563FB1543F75F"
"106665","102903","MRS.",,,"106665","0x29B7428C2C6EB52DABC2085ACC74350F","0x787AC82DB4A352FE947BEDA072098E98"
"106739","102972","MR.",,,"106739","0x015F0478516E4273DD90FE59C766DD98","0x7890F1D0DB73CC9795D7395069F50764"
"107024","103241","MS.",,,"107024","0xE44DD7E4757AA1741F2868856711677F","0x452F120589A92563046D6F6A0DEDBCB6"
"107085","103298","DR.",,,"107085","0xDB7F880B35C034A6D196FC7AD95206A3","0x2888A9090930DD6F93F1B0F589A67420"
"107703","103867","MS.",,,"107703","0xDF7F03B1AF02C651ECE3AA50A7765FC5","0x0ADA56A59F7214E76901781D597A13CE"
"107763","103923","BRO.",,,"107763","0x573C3F8A7A6523FCD7D30FA622E1AE8E","0xB46F448AC5080383028A45070489A2E3"
"108105","104239","DR.",,,"108105","0x7969BE4A16710ACECEE8AFEA688E3C0A","0x190115BA91ECBE54BC2AF2728DB2C20A"
"108112","104246","MR.",,,"108112","0xC418F4B8CEA1FD1D1ECA0E1686B6381B","0x32464627E779B75611D6337CD0AEE333"
"108218","104341","MS.",,,"108218","0x4B3F3945E087A0DD32F56C3603B7D153","0xA07127D952BA6758AE1E08D5D703D8EF"
"108309","104427","MR.",,,"108309","0xB972637C0C141C0B40437A4360544219","0xF977C325F9FE0FA44270DE6920184EAD"
"108550","104656","MR.",,,"108550","0xD2EF2BF887E3C9902D9270A308E1F364","0x5014BBD9C5F971FBFE2AFA9562E6C2D7"
"108553","104658","MRS.",,,"108553","0xF62AEBC13B152656C4DFAA0C20BD5021","0x5014BBD9C5F971FBFE2AFA9562E6C2D7"
"109398","105446","MR.",,,"109398","0x182D606510856284B7D27F1B95E9F615","0x233B7F7C0BA30B4C77ADE336B483FBD7"
"109399","105447","MR.",,,"109399","0xB99CC5CD2EE6398FA71E90E659D30AD1","0x233B7F7C0BA30B4C77ADE336B483FBD7"
"110606","106536","MRS.",,,"110606","0xECC36A60EB16C50CD887ADE3A9D7933B","0x79FA4D095DD1346131A6FA852161B9BA"
"110873","106833","MR.",,,"110873","0x965E4558C8C3488209A02C725A7D13AA","0x503F7821E7730D01F443F349179FC1DD"
"111558","107481","MR.",,,"111558","0x3018303ED641EF95623B301984FD732E","0xB72EA6D96690598FF0307DB716AF2902"
"111563","107485","MRS.",,,"111563","0x467E2E60A340B74127D382C68F3CD275","0xB72EA6D96690598FF0307DB716AF2902"
"111960","107864","MR.",,,"111960","0x70EBA9EB6D94C3DEFF697E806192D81B","0x0F9A2F5C11A45B7005B0D1C5DA383836"
"112196","108088","MR.",,,"112196","0x843EA1A9D9986D775B5EB7138698C588","0xDEB2915D8FBD1044B29C98EDD3946BA7"
"112336","108225","DR.",,,"112336","0x6296962D2AB02D55C22A70E9E38B897D","0x9C86E9F302556FC6734DF011F28B3F21"
"112461","108342","MRS.",,,"112461","0xE929212A7E74C07CEE101731377A1741","0x34A47E66ED037ECD0B2E3AD8E1C6FEEC"
"112569","108442","MR.",,,"112569","0x015F0478516E4273DD90FE59C766DD98","0x2015F9E5068FFD67791BC2A17ADB3141"
"114002","109777","MS.",,,"114002","0xC66165751D5658B4110F991E43D9A432","0x1E25EA002FE428E6BD06EEBF6DEEC644"
"114164","109931","GENERAL",,,"114164","0x21E93E8A0B09C01E0072F7B2A7F6A6AA","0x020EEE38BC827310E0077837FE9230D7"
"116537","111878","MS.",,,"116537","0xA5B702DE85D47C71A873D93941758A20","0xCBDF68D55CDD1F00AC4936DD38A0300E"
"116580","111920","MS.",,,"116580","0xFA8258C4F62C4034712D74798E9C4A08","0x2888A9090930DD6F93F1B0F589A67420"
"117162","112477","MR.",,,"117162","0x2E3A1C682DC09F36610AB89F6535E5FE","0xC963CD479FA1B1F20EEF08352CC8E49A"
"117180","112490","MS.",,,"117180","0x1BD3E197E43C5004F1E0C2831FA27604","0xC340D44490D1554F913323A7530A401D"
"117493","112790","MS.",,,"117493","0x4DCE1948A6842D5614369A4DDEEE614E","0x2C76E965388338A0FB01D71C42982610"
"118203","113468","MS.",,,"118203","0xEA48C5A9CCAF8F72E35C7656E2A187ED","0x2C76E965388338A0FB01D71C42982610"
"119247","114469","MISS",,,"119247","0xF5AFFB9848F9A55443C2D8F312C2DE68","0x4DF269F5C99CBAB4FC8E92151D00B648"
"120480","115635","MR.",,,"120480","0xEBF8D0F71EC9DAA9170B4F1939F5B8CC","0x2BBD414B273DE96B1A674578C4FAA4D5"
"120499","115654","MRS.",,,"120499","0x6ED6540BC4B9DEB24A88663C5CCB5A88","0xB72EA6D96690598FF0307DB716AF2902"
"121453","116550","MS.",,,"121453","0x21F137D769CF095CB00B2E0E9E439436","0x670C681C40723B77E6202E94B2F7F25A"
"121920","116991","MR.",,,"121920","0xE2577C04131C5B0C7E7580F978322B31","0xD575B74620F4BE7FF808CCE0828787AB"
"122194","117255","MR.",,,"122194","0x4C3AB77CD42A3988A4352F37AE647809","0x3D4B1679D5B34327B33563FB1543F75F"
"122740","117764","MR.",,,"122740","0x839D038045D5C7718BC0A6D6E14275C8","0x661B3ADEA7D5ECA43ED9FE4313FCC421"
"122973","117984","MS.",,,"122973","0xBB2A36F56AE28299A5188AC790F525A5","0x13673DE04405D2831768DC8A448C12E3"
"123775","118734","MS.",,,"123775","0xA96D7124C206B86F0522F5A76DAD9E70","0x5041DD734B6BA8C647582543135B83F2"
"123900","118854","MS.",,,"123900","0x9C161A1A2543AD0D8BC1758833DBD493","0x22A9A7E9701C0C1BAA187B8F8CDD628D"
"124063","118999","MS.",,,"124063","0xD2213E2556C1D86087D2E94794A216D9","0xCB589152EB7C5EB7C60A7E71C6FC0441"
"125448","120275","MR.",,,"125448","0x9E7ED46A83F4CCA76BCADBB9421F9565","0xD575B74620F4BE7FF808CCE0828787AB"
"125705","120514","MR.",,,"125705","0xF90EEDE00DEDE460A908073EB49ABCCD","0xF2A3CEFA3BF5B5EE03D1E0A47B0CAF06"
"126332","121083","MS.",,,"126332","0x11D099647EDCE767CDB1B21CF73DA327","0x20938684A5F6C1FA2D23BBAF4C18F5E7"
"126419","121162","MR.",,,"126419","0x2A6C986EC51B20B0E11FFACDD664AC8A","0xDB3147886F3E1074B28BD01D7050C35A"
"126478","121214","MS.",,,"126478","0x9EE7267A7B71704CF02DD854C1ADFBC3","0x8B495F2CEF1890C345FD8F048AB12E06"
"126795","121492","MS.",,,"126795","0x780FFBF9D23FDE5EBF1F90E0C5FAF07D","0xB72EA6D96690598FF0307DB716AF2902"
"126817","121510","MR.",,,"126817","0xAD02096260DA02A9CD6EBAB5293B5088","0x79F0FAD8847F1DBA14244112765AF1EB"
"126928","121611","MS.",,,"126928","0x4CA0C2F636EDC7D735CBB68004D7F79B","0xDF11F4C07CA873B011AA48906A079B2E"
"128821","123346","MS.",,,"128821","0xE22A03B5D508F5E609A4F6E1AE6CC64C","0x34A47E66ED037ECD0B2E3AD8E1C6FEEC"
"129216","123722","MR.",,,"129216","0xB7F701FF96E895CBD16C4AC3838198C1","0xCBDF68D55CDD1F00AC4936DD38A0300E"
"129476","123956","MR.",,,"129476","0xAD02096260DA02A9CD6EBAB5293B5088","0x670C681C40723B77E6202E94B2F7F25A"
"131336","125673","MS.",,,"131336","0x0188761D1662414BDD45DD8BB01E6EBE","0x670C681C40723B77E6202E94B2F7F25A"
"132562","126813","MS.",,,"132562","0x3999E91D1841B0FFB7B964FB6F53B2A9","0x6DEF8EBD5D9F1A8A940A8EB59BD01532"
"132564","126815","MR.",,,"132564","0x8B33A0B58F2F96EFE7AF418DD5434F95","0xC7B30AB60680E0E2DD74E7630054D15B"
"133044","127260","MR.",,,"133044","0x71225802497584AB4F44036CEC4C2477","0xCB589152EB7C5EB7C60A7E71C6FC0441"
"133261","127455","MR.",,,"133261","0x102CF11D3920E79A1D0403B27ED84457","0xC5EDCDEA87C43A03EC474CEC47C127E5"
"134307","128434","MR.",,,"134307","0xD51E3EB481FF7594ADFF5CEA2E8AA70F","0x688E71DA898378A4D2C04D82F293E6F4"
"134308","128436","MS.",,,"134308","0x670D5159CFB5AFCB98FB4CDD6B1263FE","0x5625E72C3FFCB3CAC903021AA9FA5BE4"
"135157","129235","MS.",,,"135157","0x767204F5F43652A0D90DBE15E5A24BE3","0x79FA4D095DD1346131A6FA852161B9BA"
"135805","129841","MS.",,,"135805","0x1F2FA3E0F717D3EBAFB1C89D514993B1","0x3D4B1679D5B34327B33563FB1543F75F"
"135838","129872","MR.",,,"135838","0xE657AEC840DBA2FFD854256B54E3055A","0xA2EE1933DFC7F5E394B74A84192853D3"
"135839","129874","MS.",,,"135839","0x6B1395602F1911EA8529A94D8FC5FAFB","0x661B3ADEA7D5ECA43ED9FE4313FCC421"
"136517","130517","DR.",,,"136517","0x1B7DFAC6A1F2DD735E5386983D59660C","0x79FA4D095DD1346131A6FA852161B9BA"
"136528","130527","MS.",,,"136528","0xBCE7BB51C4481239DF49718C2A668D72","0x7554FF1AD362398F107FC736A47276E2"
"137119","131079","MR.",,,"137119","0x7802FEB8467A9BC4DBA34269B099230F","0x658DDB412C91BB9E47DB0C62C9B07A84"
"137176","131132","MS.",,,"137176","0x8554E1BF0ED9F33852BAB0B5235A2B19","0xD575B74620F4BE7FF808CCE0828787AB"
"137607","131539","MS.",,,"137607","0x4F31CFEADB38F44AA322E2E0D4965023","0x44EFCECF18D70C6D83108A8485531262"
"137648","131578","MS.",,,"137648","0x40839F71C1D0C0EDC3C5144C734581BE","0x8767985FC4DB77D9777F309216420525"
"137730","131658","MR.",,,"137730","0xA25417606B37B402D84ACCE5C38B3176","0xF977C325F9FE0FA44270DE6920184EAD"
"137797","131724","MR.",,,"137797","0xEE43B32597DCDA948750C63D12FB8ADF","0x504C3A6BB30C4378CA74B0DBE578A306"
"137801","131728","MS.",,,"137801","0x1FC7247432C12BF3EE34ECCA1A89B41D","0x5C373170363E53ED2B95CE2CD8FE5FDC"
"148298","132196","MR.",,,"148298","0x8EFC052479125EB9D9EC3CD635211C19","0x2DB4B4EA4287660B04975BA5C23ACF09"
"148672","132538","MR.",,,"148672","0x0FFF337382268F4E0E5A92C1CE3B38A7","0x79F0FAD8847F1DBA14244112765AF1EB"
"149133","132949","MR.",,,"149133","0x3FFEEEC8C59FC26DD43D73B0B2FD20E7","0x2015F9E5068FFD67791BC2A17ADB3141"
"149608","133355","MS.",,,"149608","0x29DE6EC56DA226909FC7D18AC63615B2","0x53E5F9C633EE02E689A0D8F30BDBF337"
"149805","133535","MR.",,,"149805","0x841DC9BCB636BC077D0D59979AA6A77C","0xC4B18E07DF73B2AD9D747F7B8673DA95"
"150664","134329","MR.",,,"150664","0x4ED662E2F364214735D99E04FBA35F99","0xCBDF68D55CDD1F00AC4936DD38A0300E"
"152041","135557","MS.",,,"152041","0x2E8988ECDAD31B93FE2C7D6DF570A007","0x2C76E965388338A0FB01D71C42982610"
"152418","135918","MR.",,,"152418","0xB3AAA9E1B07EE1AAB781015AEE16253E","0xC5EDCDEA87C43A03EC474CEC47C127E5"
"153228","136665","MS.",,,"153228","0x33D80F212CF56490DD04D84AC7D04669","0x5202985CAF0074CAFCE564D5D26DF7BB"
"153248","136687","MR.",,,"153248","0xC4A183F2450F54A5F9D599C227D072A1","0x2C76E965388338A0FB01D71C42982610"
"165206","138455","MR.",,,"165206","0xA014D6E17EC4A3602AAE52F64DF75CFF","0x8767985FC4DB77D9777F309216420525"
"165495","138725","MR.",,,"165495","0x2A6C986EC51B20B0E11FFACDD664AC8A","0x131F2BDEA9CE98D2172E6AEC63CDC199"
"165524","138753","MS.",,,"165524","0x985E1AAD1D1C42BA13FB386414716CD9","0x593C7E85CE99B890EDF4613CDA619623"
"89283","1000426","NULL","89283","0xF02B73DD75A31352E21DB3F0D925E3B6",,,
"93720","1001822","NULL","93720","0x19A24ECC2A8A1D04EAB2C6758FC112A6",,,
"94277","1001865","NULL","94277","0x2FF544C7F16FD11BB38C93CC1F111D06",,,
"110451","1002871","NULL","110451","0x5EC54B6C3702ABF314EF6F199EF1FA3A",,,
"134836","1004769","NULL","134836","0x3690148432B737CFA22BFFFB6E032E4E",,,
"137617","1004937","NULL","137617","0xA3A824FA3336A0BA08B7587050006EE1",,,
